{"best_score": 0.9843999743461609, "epoch": 10.0, "train_loss": 0.05884427438348026, "train_acc": 0.9813833236694336, "lr": 0.001, "val_loss": 0.05115703083574772, "val_acc": 0.9843999743461609, "best_val_acc": 0.9843999743461609, "_timestamp": 1715251716.2803047, "_runtime": 45.05781269073486, "_step": 9, "_wandb": {"runtime": 44}}