{"best_score": 0.9876999855041504, "epoch": 3.0, "train_loss": 0.02614981061542186, "train_acc": 0.9916166663169861, "lr": 0.001, "val_loss": 0.037662325473502276, "val_acc": 0.9871000051498413, "best_val_acc": 0.9876999855041504, "_timestamp": 1715252112.7215035, "_runtime": 21.222474575042725, "_step": 3, "_wandb": {"runtime": 19}}