{"best_score": 0.6067578792572021, "epoch": 10.0, "train_loss": 0.5958424061536789, "train_iou": 0.6226592063903809, "lr": 1e-06, "val_loss": 0.6165500283241272, "val_iou": 0.5779832005500793, "best_val_iou": 0.6067578792572021, "_timestamp": 1715244304.5101194, "_runtime": 42.913315534591675, "_step": 9, "_wandb": {"runtime": 40}}