{"best_score": 0.987500011920929, "epoch": 15.0, "train_loss": 0.030787358188288327, "train_acc": 0.9900166392326355, "lr": 0.001, "val_loss": 0.04624540361110121, "val_acc": 0.986299991607666, "best_val_acc": 0.987500011920929, "_timestamp": 1715242785.4988408, "_runtime": 65.57133483886719, "_step": 14, "_wandb": {"runtime": 66}}