{"best_score": 0.9868000149726868, "epoch": 15.0, "train_loss": 0.03103574179509219, "train_acc": 0.9898666739463806, "lr": 0.001, "val_loss": 0.04193786597807048, "val_acc": 0.9865999817848206, "best_val_acc": 0.9868000149726868, "_timestamp": 1715237943.9486868, "_runtime": 66.79301476478577, "_step": 14, "_wandb": {"runtime": 67}}