{"best_score": 0.9876999855041504, "epoch": 5.0, "train_loss": 0.027469282231877667, "train_acc": 0.9908333420753479, "lr": 0.001, "val_loss": 0.042881969502195715, "val_acc": 0.9868999719619751, "best_val_acc": 0.9876999855041504, "_timestamp": 1715252077.1335735, "_runtime": 27.735509634017944, "_step": 5, "_wandb": {"runtime": 26}}