{"best_score": 0.9868999719619751, "epoch": 10.0, "train_loss": 0.03376009552818486, "train_acc": 0.989300012588501, "lr": 0.001, "val_loss": 0.04017626363784075, "val_acc": 0.9868999719619751, "best_val_acc": 0.9868999719619751, "_timestamp": 1715252032.7130501, "_runtime": 47.32406711578369, "_step": 10, "_wandb": {"runtime": 42}}